firstName,lastName,superlative
Macy,Newton,Saltiest air conditioning mechanic
Santino,Bradley,Creepiest woodworker
Vanessa,Blackwell,Densest precision instrument repairer
Marcellus,Conrad,Rudest sailor
Bexley,Stuart,Smartest clinical laboratory technician
Dion,Sharp,Juiciest amusement machine servicer
Camryn,Thornton,Blackest software developer
Malik,Velez,Strongest rigger
Megan,Ball,Worst health educator
Shane,Magana,Warmest power distributor
Amaris,Callahan,Littlest home entertainment installer
Quinton,Henry,Curviest respiratory therapist
Summer,Anderson,Angriest social service assistant
Jacob,Booker,Rustiest barback
Nataly,Wright,Tastiest steamfitter
Grayson,Mack,Easiest self-enrichment education teacher
Nadia,Stuart,Tannest stucco mason
Dion,Boone,Wettest claims investigator
Mariam,Lynn,Hungriest claims examiner
Zechariah,Gentry,Clearest industrial engineer
Amelie,Russell,Messiest television announcer
Weston,Rosas,Angriest accountant
Joelle,Kim,Blandest mail clerk
Roman,Blackburn,Richest structural metal fabricator
Frida,Knapp,Maddest gaming manager
Boden,Douglas,Purest paramedic
Aniyah,Skinner,Flakiest real estate manager
Ridge,Caldwell,Poorest chief executive
Evelynn,Berger,Freshest janitor
Byron,Coleman,Toughest political scientist
Julia,Washington,Harshest aerospace engineer
Juan,Acevedo,Juiciest explosives worker
Ashlynn,Terry,Cleverest animal breeder
Armani,Marshall,Quickest mathematical science teacher
Adalyn,Buck,Safest social science research assistant
Jon,Orozco,Driest correspondent
Renata,Edwards,Purest paving equipment operator
Adrian,Barrera,Dullest statistician
Beatrice,Dennis,Flattest correctional treatment specialist
Emanuel,Harrington,Messiest entertainment attendant
Legacy,Benson,Craziest textile cutting machine setter
Desmond,Shaffer,Fairest tax collector
Alanna,Mora,Creepiest producer
Arturo,Spence,Shortest fish trimmer
Aislinn,Costa,Kindest economist
Kenji,Pruitt,Sincerest refrigeration mechanic
Brylee,Combs,Bluest mapping technician
Ahmad,Gilbert,Youngest engineering teacher
Jocelyn,Briggs,Newest mixing machine setter
Case,Shah,Sunniest childcare worker
Angelica,Simpson,Guiltiest attendant
Elliott,Burns,Itchiest mathematical technician
Emerson,Singleton,Softest office machine operator
Landyn,Parrish,Shiniest music director
Tiana,Hamilton,Busiest dental assistant
Jason,Gibson,Deadliest production clerk
Eden,Walter,Dustiest yardmaster
Lochlan,English,Sweatiest photogrammetrist
Kelly,Vincent,Boldest home management advisor
Aarav,Decker,Classiest stonemason
Aleena,Mullen,Finest construction worker
Shepard,Orozco,Crunchiest outdoor power equipment mechanic
Renata,Gonzalez,Juiciest funeral service manager
Ethan,Barton,Narrowest loan clerk
Danna,Nguyen,Creepiest blending machine operator
Gabriel,Contreras,Brightest plastic patternmaker
Daniela,Clayton,Faintest aerobics instructor
Boston,Young,Curliest psychiatric aide
Zoey,Rogers,Rawest metal caster
Colton,Blankenship,Wettest meeting planner
Rosalee,Bradley,Firmest rail-track laying equipment operator
Richard,Gonzalez,Earliest industrial engineering technician
Abigail,Lam,Slimmest dietitian
Bodie,Carpenter,Creamiest geography teacher
Lilly,Yoder,Rudest medical secretary
Johan,Byrd,Tastiest diagnostic medical sonographer
Giselle,Calhoun,Riskiest signal repairer
Gary,Maxwell,Angriest obstetrician
Kyla,Washington,Latest structural steel worker
Juan,Esparza,Strongest planing machine operator
Ramona,Bautista,Sharpest tamping equipment operator
Raul,Gaines,Liveliest product promoter
Aya,Yoder,Closest general manager
Johan,Beasley,Broadest brokerage clerk
Jaylah,Blackburn,Faintest fundraising manager
Zahir,Lowe,Cleanest occupational therapy assistant
Amari,Hansen,Rawest head cook
Charlie,Weeks,Longest civil engineer
Karen,Chang,Flattest tractor operator
Ari,Dalton,Fastest psychiatric technician
Lilian,Petersen,Fullest middle school teacher
Samson,Bridges,Oiliest statistical assistant
Elora,Sosa,Toughest purchasing manager
Emir,O’Connell,Thinnest forestry teacher
Jillian,Smith,Filthiest space scientist
Liam,Stewart,Slimiest graphic designer
Maya,Fuentes,Calmest insurance claims clerk
Bowen,Hoffman,Worst personal care aide
Aspen,Richardson,Grossest religious activities director
Robert,Jaramillo,Smokiest insulation worker
Guadalupe,Hahn,Sharpest locksmith
Kabir,Bowman,Dampest musical instrument repairer
Fiona,Cunningham,Loveliest cashier
Alejandro,Mora,Sanest water treatment plant operator
Jemma,Miles,Tallest credit analyst
Jared,Moyer,Laziest set designer
Zola,Burch,Deepest surgical technologist
Gerald,Oliver,Weakest law teacher
Camille,McMillan,Wisest recreation worker
Rocky,Farrell,Stingiest kettle operator
Kassidy,Mueller,Nastiest sampler
Albert,Ballard,Smoothest environmental engineer
Alejandra,Cuevas,Nicest industrial production manager
Brecken,Ford,Humblest kiln operator
Alexandra,Hawkins,Prettiest mine cutting machine operator
Victor,Ellis,Loveliest postal service mail sorter
Ayla,Franco,Hungriest pesticide handler
Gage,Hayden,Worthiest school psychologist
Avayah,Franklin,Narrowest metal patternmaker
Simon,Cordova,Smallest compliance officer
Florence,Marks,Warmest mechanical engineering technician
Amos,Sims,Worthiest residential advisor
Lena,Lawrence,Sweatiest dressmaker
Kaleb,Salinas,Smelliest radiation therapist
Royalty,Finley,Faintest escort
Calum,Malone,Blackest veterinarian
Skyler,Bernard,Lowest host
Jair,Logan,Wealthiest measurer
Kora,Monroe,Itchiest criminal justice teacher
Colby,Spencer,Crunchiest legal secretary
Alyssa,Hanson,Latest recreational therapist
Khalil,Corona,Moistest hoist and winch operator
Marianna,Carson,Shiniest log grader
Ares,Hill,Sanest coating worker
Hannah,Tanner,Boldest teller
Bruno,Fitzgerald,Fanciest mechanical door repairer
Marlee,Sweeney,Smoothest photographic process worker
Nixon,Wiggins,Dumbest timing device assembler
Capri,Andersen,Steepest valve installer
Alistair,McMahon,Windiest upholsterer
Belen,Turner,Fewest boilermaker
Joshua,Cobb,Wisest soil scientist
Aviana,Casey,Craziest coatroom attendant
Armando,Pugh,Shallowest cartographer
Landry,Becker,Filthiest food service manager
Lawson,Cooper,Moistest financial examiner
Serenity,Vaughan,Smokiest pipefitter
Castiel,Mullins,Friendliest nursing aide
Maliyah,Cortez,Silliest tower operator
Zayn,Christensen,Greatest agricultural manager
Carmen,Spencer,Deepest switch operator
Ace,Maxwell,Oldest production occupation
Kyla,Leblanc,Quietest computer network architect
Braden,Sanchez,Curliest landscape architect
Aria,Delacruz,Sorest dinkey operator
Memphis,Perry,Plainest gaming dealer
Clara,O’Neill,Brightest multimedia artist
Marcel,Wiley,Politest correctional officer
Lauryn,Sellers,Neatest civil drafter
Madden,Ellis,Ugliest word processor
Ayla,Schultz,Thinnest fire inspector
Cody,Rogers,Iciest ship engineer
Madelyn,Green,Moistest library assistant
Anthony,Villa,Crunchiest petroleum technician
Johanna,Hopkins,Neediest environmental science teacher
Ali,Frederick,Fittest offbearer
Sariyah,Berry,Loneliest family therapist
Adonis,Martin,Neediest machine feeder
Mila,Berg,Tastiest repair worker
Cayson,Parker,Liveliest costume attendant
Aubrey,Stokes,Crunchiest trapper
Santana,Sosa,Liveliest radio equipment installer
Cassandra,Maldonado,Fairest stationary engineer
Javier,Clayton,Messiest structural iron worker
Saige,Nava,Shortest camera operator
Stefan,Day,Iciest optician
Hayden,Richard,Grossest priest
Ahmed,Patrick,Iciest makeup artist
Lyra,Wong,Mildest private detective
Walter,Payne,Highest art director
London,Correa,Coolest naval architect
Zakai,Bond,Toughest logging equipment operator
Alena,Phan,Slowest radiologic technician
Maison,Woods,Newest mining engineer
Reese,Fischer,Worst proofreader
Leonidas,Harrison,Highest shoe machine operator
Jasmine,Crawford,Kindest hand packer
Kevin,Dalton,Weakest vocational education teacher
Lilian,Caldwell,Mildest graduate teaching assistant
Rylan,Ibarra,Worthiest home health aide
Madilynn,Moses,Weakest pharmacy aide
Niklaus,Jaramillo,Sweatiest cost estimator
Guadalupe,Blackburn,Loudest real estate appraiser
Zahir,Guzman,Noisiest machinist
Ashley,Tate,Firmest criminal investigator
Dalton,Merritt,Noisiest police dispatcher
Kaisley,Wolfe,Blandest laboratory animal caretaker
Donovan,Grimes,Smoothest tax examiner
Braelyn,Prince,Greediest ski patrol
Aron,Ellison,Smelliest glazier
Raina,Stevenson,Driest general practitioner
Callan,Luna,Firmest cutter
Journey,Duarte,Shallowest network systems administrator
Abdullah,Strickland,Smartest rental clerk
Nia,Marks,Quietest mobile home installer
Amos,Leal,Littlest museum technician
Murphy,Rasmussen,Clumsiest continuous mining machine operator
Will,Estrada,Rustiest gaming investigator
Sawyer,Bernal,Shyest dietetic technician
Eithan,Larsen,Kindest licensed practical nurse
Xiomara,Reilly,Truest real estate broker
Alvaro,Good,Flattest pedicurist
Nathalia,Villanueva,Scariest freight mover
Huxley,Murray,Bravest team assembler
Faith,Newman,Cleverest foreign language teacher
Anderson,Cano,Mildest faller
Egypt,Mendez,Roomiest security guard
Arthur,Adams,Cutest construction painter
Stella,Ahmed,Gentlest packaging machine operator
Harry,Villalobos,Sharpest avionics technician
Zoya,Vargas,Chewiest floor layer
Ryker,Abbott,Likeliest fast food cook
Melany,Davenport,Strongest personal financial advisor
Dariel,Vance,Bluest payroll clerk
Maxine,Santiago,Cutest mediator
Beckham,Erickson,Hippest audiologist
Sabrina,Rush,Chubbiest physical therapist aide
Kaiser,Anthony,Chewiest traffic technician
Macy,Macdonald,Handiest sorter
Hugh,Sierra,Biggest occupational health and safety specialist
Marceline,Roberts,Softest fiberglass laminator
Josiah,Hendricks,Strangest medical laboratory technician
Dani,Osborne,Nicest adhesive bonding machine tender
Augustus,Leonard,Littlest meat cutter
Demi,Dennis,Dumbest architectural drafter
Emanuel,Meza,Youngest surfacing equipment operator
Rosa,Nunez,Easiest foundry coremaker
Caden,Spencer,Smartest healthcare social worker
Alyssa,Potts,Cloudiest magistrate
Alfred,Camacho,Cruellest power tool repairer
Armani,Blevins,Worst computer support specialist
Avi,Hess,Richest biomedical engineer
Kaliyah,Phan,Chubbiest paper goods machine setter
Maison,Harrington,Bravest floral designer
Legacy,Branch,Closest tire changertire repairer
Keenan,Grant,Craziest taper
Alaina,Combs,Weakest shipmate
Ahmad,Cortez,Truest architect
Haven,Tapia,Warmest scout leader
Samir,Jensen,Sourest metal pickling operator
Jane,Lane,Largest medical services manager
Matias,Maynard,Hardest fish and game warden
Carolyn,Vega,Sourest turning machine tool operator
Aidan,Larsen,Grandest mental health counselor
Xiomara,McIntyre,Shiniest vocational counselor
Eliseo,Kirby,Strangest archeologist
Skyla,Andrews,Skinniest pharmacist
Lukas,Hinton,Skinniest firefighter
Jaelynn,Lozano,Largest sculptor
Boone,Best,Furthest economics teacher
Lexie,Avalos,Fittest aircraft mechanic
Coen,Shaw,Curliest substance abuse counselor
Emersyn,Wilcox,Highest executive secretary
Jerry,Hall,Saddest dancer
Leah,Meza,Creepiest dragline operator
Lucian,Esparza,Cutest occupational therapist
Ramona,Bauer,Best nursing instructor
Kieran,Foster,Spiciest floor finisher
Brielle,Case,Cutest conservator
Bentlee,Tucker,Messiest stock mover
Esther,Knapp,Flakiest forensic science technician
Boden,Ball,Weirdest fire investigator
Abby,Payne,Latest singer
Edward,Aguirre,Safest boiler operator
Ariah,Riley,Briefest taxi driver
Amari,Esparza,Oldest plasterer
Ramona,Hubbard,Gentlest vending machine servicer
Forrest,Edwards,Oddest forester
Ivy,Burns,Shyest refractory materials repairer
August,Lane,Sorest orderly
Amy,Franklin,Tannest messenger
Simon,Hammond,Grossest electrical equipment assembler
Holly,Rose,Wettest brazer
Hayden,Mendoza,Sourest revenue agent
Cora,Velasquez,Largest history teacher
Sullivan,Novak,Flattest printing press operator
Kaiya,Sawyer,Slimiest landscaping worker
Jefferson,Austin,Dirtiest tank car loader
Alivia,Wise,Nastiest gas compressor
Frederick,Lyons,Blandest forest fire prevention specialist
Kenzie,Scott,Cutest roof bolter
Leo,Velasquez,Highest rolling machine tender
Esme,Ruiz,Loveliest window trimmer
Austin,Carroll,Ripest refrigeration installer
Zara,Fleming,Roughest broadcast news analyst
Fernando,Schwartz,Sanest sawing machine operator
Lilliana,Padilla,Darkest librarian
Jaden,Bowers,Spiciest mine shuttle car operator
Elisa,Hamilton,Deepest engraver
Jason,Jacobs,Bluest scaler
Camilla,O’Neill,Bitterest sewer pipe cleaner
Marcel,Mullen,Calmest petroleum engineer
Shay,McIntosh,Slimiest food scientist
Kristian,Winters,Spiciest power plant operator
Kataleya,O’brien,Smoothest apparel patternmaker
Riley,Washington,Oddest motorcycle mechanic
Valerie,Erickson,Ripest materials scientist
Johnny,Everett,Cheapest agent
Noah,Rogers,Sweatiest electrician
Colton,English,Greediest short order cook
Kelly,Whitney,Closest forest fire inspector
Jeffery,Cano,Soonest reinforcing rebar worker
Egypt,Luna,Slowest financial manager
Erick,Wilkinson,Crunchiest management analyst
Siena,Robbins,Brightest dyeing machine operator
Finnegan,Jacobs,Bitterest embalmer
Camilla,Evans,Brightest wholesale buyer
Elias,Schwartz,Shyest drilling machine tool operator
Lilliana,Fernandez,Deadliest dry-cleaning workerdrywall installer
Bentley,Smith,Neatest conciliator
Olivia,Morgan,Thickest physical therapist
Hunter,Price,Scariest buyer
Piper,Briggs,Craziest travel guide
Case,Ryan,Prettiest surgeon
Morgan,Roth,Filthiest motel desk clerk
Roy,Calhoun,Firmest legislator
Thalia,Ahmed,Sincerest painting worker
Harry,Simpson,Slimiest reinforcing iron worker
Anastasia,Hicks,Smoothest bartender
Maddox,Crosby,Littlest logistician
Keily,Padilla,Laziest locomotive engineer
Jaden,Maldonado,Thinnest poultry trimmer
Elaina,Maldonado,Widest motion picture projectionist
Javier,Guerrero,Ripest audio and video equipment technician
Margot,Chang,Stingiest animal trainer
Ari,Taylor,Toughest oral surgeon
Sofia,Padilla,Earliest nuclear technician
Jaden,Cannon,Smoothest tour guide
Noa,Arellano,Rudest weaving machine setter
Kellan,Paul,Hairiest radio announcer
Daphne,Pugh,Worthiest manicurist
Judson,Mahoney,Rudest computer operator
Promise,Farley,Rudest animal control worker
Graysen,Miller,Gravest curator
Isabella,Lawrence,Purest truck mechanic
Kaleb,Hensley,Densest cardiovascular technician
Malaya,Morrison,Busiest blaster
Maximus,Middleton,Smelliest health specialties teacher
Madalyn,Pineda,Fittest hydrologist
Gerardo,Peralta,Curliest psychiatrist
Malayah,Brock,Sleepiest dental laboratory technician
Julio,Stafford,Sweatiest airline pilot
Bridget,Espinosa,Worldliest plant scientist
Khalid,House,Blackest hand laborer
Sariah,Hancock,Briefest social scientist
Rex,Gaines,Healthiest gaming cage worker
Aya,Stanley,Steepest postal service mail processor
Manuel,Tate,Toughest mining service unit operator
Skye,McCall,Oldest locomotive firer
Kiaan,Russell,Hungriest radiologic technologist
Raelynn,Dalton,Sleepiest hairdresser
Fletcher,Weaver,Easiest expediting clerk
Teagan,Schaefer,Hottest sales representative
Ishaan,Proctor,Deepest food batchmaker
Chandler,Randall,Skinniest loading machine operator
Trenton,King,Busiest health and safety engineer
Victoria,Clarke,Latest advertising sales agent
Stetson,Stark,Simplest market research analyst
Kamilah,Estrada,Stingiest waiter
Phoenix,Wells,Hardest mathematician
Cecilia,Barber,Freshest baker
Solomon,Drake,Slimiest child social worker
Jayleen,Daniels,Hardest claims adjuster
Xander,Villanueva,Curliest switchboard operator
Monroe,Lawson,Clearest physician
Lane,Nava,Broadest school social worker
Scout,Hinton,Faintest rail transportation worker
Frankie,Curry,Hippest postmaster
Alison,Clements,Silliest historian
Fisher,Matthews,Bluest public relations manager
Lila,Rowe,Oiliest operations research analyst
Kamden,Santana,Iciest hearing officer
Myra,Gibson,Fiercest railroad brake operator
Tyler,Weaver,Broadest fashion designer
Teagan,Zavala,Harshest timekeeping clerk
Dillon,Morrison,Hippest earth driller
Rebecca,Bush,Warmest textile presser
Tyson,Parsons,Wealthiest food cooking machine operator
Maia,McKenzie,Bossiest sheriff's patrol officer
Scott,Madden,Tannest epidemiologist
Violette,Woodard,Slimmest postal service clerk
Westley,Rowland,Dirtiest animal scientist
Harleigh,Diaz,Strongest ticket taker
Nathan,Fisher,Dumbest regional planner
Arya,Ramos,Tastiest precious stone worker
Angel,Spencer,Sincerest court reporter
Alyssa,Barrett,Freshest nutritionist
Angelo,Nixon,Saddest automotive and watercraft service attendant
Deborah,Graves,Oddest tire builder
Cesar,O’Connor,Sanest telecommunications equipment installer
Charli,Mathis,Skinniest bridge and lock tender
Gustavo,Nguyen,Hippest community service manager
Nova,Duffy,Bloodiest executive administrative assistant
Kyng,Cameron,Greatest veterinary technician
Julie,Harvey,Safest model
Cayden,Lynch,Wealthiest optometrist
Malia,Sandoval,Crispiest manufactured building installer
Brantley,Gardner,Sincerest behavioral disorder counselor
Jordyn,Dixon,Rudest commercial pilot
Camden,Erickson,Gravest tuner
Sabrina,Branch,Youngest preschool teacher
Keenan,Farmer,Sleepiest architectural manager
Madelynn,Barrett,Grandest food preparation worker
Angelo,Leach,Sourest designer
Martha,Barrett,Prettiest skincare specialist
Angelo,Dominguez,Classiest cutting machine operator
Raegan,Compton,Fittest customer service representative
Abner,Jones,Earliest cargo agent
Sophia,Moreno,Juiciest mobile heavy equipment mechanic
Myles,Nixon,Wealthiest postal service mail carrier
Deborah,Leonard,Riskiest industrial designer
Ricardo,Lin,Dullest broadcast technician
Makenna,Norton,Chubbiest translator
Callen,Estrada,Youngest segmental paver
Sawyer,Shah,Hottest psychology teacher
Zain,Weiss,Plainest excavating operator
Lennox,Hahn,Prettiest funeral attendant
Kabir,Stuart,Tallest motorboat service technician
Stormi,Blevins,Humblest elementary school teacher
Avi,McClure,Smartest agricultural worker
Estella,Terrell,Coolest transportation inspector
Jaxen,Tate,Thinnest clinical laboratory technologist
Skye,Harrington,Creepiest therapist
Omari,Yang,Hairiest ship captain
Angelina,Joseph,Humblest civil engineering technician
Kyle,Benton,Sunniest training and development specialist
Anais,Mathews,Creepiest hand grinding worker
Jamir,Hayes,Moistest substance abuse social worker
Iris,McDonald,Nastiest streetcar operator
Calvin,Nielsen,Silliest hand polishing worker
Vienna,Andrade,Roomiest food science technician
Abdiel,Herrera,Harshest undertaker
Ximena,Carter,Furthest merchandise displayer
Maverick,Parker,Fewest marketing manager
Aubrey,Avery,Closest construction manager
Jakari,Hart,Humblest truck loader
Gemma,Fields,Rustiest software engineer
Clayton,Gallagher,Thirstiest auto damage insurance appraiser
Elliott,O’Connor,Humblest aircraft service technician
Princeton,Cordova,Politest air conditioning installer
Florence,Austin,Juiciest judge
Omar,Pope,Weirdest apparel worker
Aurelia,Ochoa,Windiest butcher
Winston,Byrd,Strictest english language teacher
Giselle,Terrell,Kindest tree pruner
Jaxen,Huerta,Sweatiest demonstrator
Dulce,Figueroa,Gloomiest hostess
Spencer,Mann,Furthest chemistry teacher
Paislee,Warren,Smelliest sports entertainer
Abel,Huff,Laziest tool sharpener
Karsyn,Foley,Curviest housekeeping cleaner
Mohammad,Guerra,Juiciest rotary drill operator
Edith,Rose,Flattest slaughterer
Hayden,Harrington,Fairest transportation equipment painter
Legacy,Walsh,Steepest tree trimmer
Bodhi,Villanueva,Fewest food server
Monroe,Tang,Thinnest securities sales agent
Rogelio,Delarosa,Slimiest mail machine operator
Iyla,Nixon,Cloudiest interviewer
Cory,McDonald,Youngest meter reader
Daisy,Tyler,Saddest engine assembler
Emmitt,Coleman,Oddest electro-mechanical technician
Julia,Avila,Politest geological technician
Jaylen,Hardin,Flakiest parts salesperson
Vada,Russo,Filthiest veterinary assistant
Jamie,Long,Spiciest electrical installer
Jade,Lester,Filthiest usher
Lee,Lynch,Nearest building inspector
Malia,Mueller,Roughest locker room attendant
Albert,Carey,Greasiest pest control worker
Alora,Miles,Slowest resort desk clerk
Jared,Wilcox,Steepest railroad conductor
Ashlyn,Zimmerman,Loudest pipelayer
Sergio,Cline,Politest nuclear power reactor operator
Lina,Proctor,Laziest rail yard engineer
Vance,Boyer,Fewest bus mechanic
Chaya,Estrada,Rudest groundskeeping worker
Phoenix,Gibson,Kindest financial services sales agent
Eden,Boyer,Itchiest hand packager
Zeke,Chambers,Prettiest real estate sales agent
Makayla,Hernandez,Liveliest decorating worker
Mason,Ware,Bloodiest industrial-organizational psychologist
Eileen,Nixon,Slimmest loan interviewer
Cory,Cruz,Loveliest freight agent
Claire,Beil,Hottest conveyor operator
Ariel,Pearson,Worthiest oven operator
Kiara,Burch,Toughest athletic trainer
Gerald,Alfaro,Bitterest jailer
Yasmin,Simon,Stingiest transportation worker
Zayne,Hunter,Largest fisher
Khloe,Barry,Politest crane operator
Emery,Frank,Cheapest exhibit designer
Dior,Simon,Worldliest anthropologist
Zayne,Michael,Mildest biophysicist
Aubriella,Alexander,Earliest rock splitter
Kingston,McIntyre,Dirtiest watch repairer
Rebekah,Poole,Shallowest gaming booth cashier
Quincy,Potts,Sleepiest hunter
Ellison,Walls,Tannest communications teacher
Larry,Trujillo,Densest instructional coordinator
Danielle,Rich,Thickest leather worker
Miller,Duran,Hardest aerospace engineering technician
Willa,Molina,Saltiest print binding worker
Prince,Yates,Safest communications equipment operator
Charley,Cox,Heaviest mental health social worker
Connor,Owen,Laziest emergency management director
Mikayla,Knox,Harshest zoologist
Valentin,McKee,Liveliest news vendor
Kori,Huffman,Dullest heavy truck driver
Chris,Molina,Healthiest drama teacher
Alexandria,Allen,Messiest lawyer
Carter,Powell,Slowest order clerk
Vivian,Herman,Slimiest dishwasher
Juelz,Mahoney,Sleepiest industrial truck operator
Promise,Rice,Happiest medical appliance technician
Graham,Malone,Dumbest travel agent
Skyler,Meadows,Sunniest furniture finisher
Wayne,Golden,Crispiest agricultural equipment operator
Giuliana,Gibson,Freshest terrazzo finisher
Tyler,Juarez,Healthiest slot supervisor
Juliet,Harrison,Juiciest farmworker
Gavin,Gill,Tastiest funeral director
Jordan,Gregory,Dullest retail buyer
Travis,Rogers,Wealthiest maintenance worker
Madelyn,Montoya,Hungriest heat treating equipment setter
Ford,Solis,Neediest agricultural engineer
Miracle,Velasquez,Greatest education administrator
Sullivan,Davenport,Cleanest layout worker
Adrianna,Villalobos,Oldest diesel engine specialist
Reuben,Diaz,Brightest orthotist
Elena,Henson,Purest record clerk
Bellamy,Washington,Roomiest advertising manager
Valerie,Gallegos,Neatest agricultural grader
Jonas,Cross,Likeliest cabinetmaker
Nayeli,Soto,Shortest anesthesiologist
Barrett,Austin,Laziest biological technician
Alivia,Edwards,Sanest fire dispatcher
Adrian,Rivers,Thirstiest door-to-door sales worker
Kiana,Walls,Saddest lifeguard
Larry,Donovan,Rawest geoscientist
Azariah,Cline,Highest secondary school teacher
Cullen,McGee,Shyest courier
Kayleigh,Davila,Brightest line installer
Grey,Sherman,Guiltiest office clerk
Addilyn,Reese,Weirdest meat packer
Alijah,Wu,Sorriest jeweler
Liana,Burch,Densest lobby attendant
Gerald,Beltran,Cloudiest paperhanger
Kaydence,Valencia,Steepest choreographer
Dax,Logan,Smallest sports book runner
Kora,Soto,Worst groundskeeper
Barrett,Wagner,Fullest tailor
Maeve,Ashley,Hairiest event planner
Kylen,Keller,Plainest fabric mender
Logan,Franco,Fittest natural sciences manager
Gage,McCoy,Greasiest illustrator
Mckenzie,Levy,Coldest hotel desk clerk
Harold,Wilson,Cutest bench carpenter
Luna,Carpenter,Fittest umpire
Jeremy,Conner,Strongest tool maker
Alondra,Nunez,Friendliest bellhop
Caden,Wood,Handiest concierge
Natalia,Castaneda,Greasiest sociologist
Collin,Fleming,Saltiest podiatrist
Fatima,Suarez,Clumsiest hairstylist
Soren,Garrison,Closest solderer
Cadence,Patterson,Simplest investigator
Amir,Parks,Neediest heating installer
Ainsley,Vance,Messiest wildlife biologist
Casen,Briggs,Strangest operations manager
Alia,Nielsen,Roomiest reporter
Tru,Melton,Prettiest conservation scientist
Kamiyah,Shannon,Longest mining safety inspector
Eliel,Berry,Rarest environmental scientist
Annabelle,Dodson,Fullest farm equipment mechanic
Seven,Simpson,Angriest marriage therapist
Anastasia,Richmond,Moistest security system installer
Mordechai,Lara,Worst gaming change person
Heidi,Hood,Humblest massage therapist
Brixton,Lawrence,Noisiest fish cutter
Lauren,Cole,Faintest political science teacher
Nathaniel,Richards,Slowest basic education teacher
Trinity,Beltran,Saddest correspondence clerk
Ricky,Jackson,Wisest arbitrator
Avery,Durham,Meanest barber
Kellen,Kane,Humblest coin machine servicer
Ellianna,Stephens,Scariest atmospheric scientist
Messiah,Morrison,Healthiest agricultural technician
Rebecca,Baxter,Sweatiest billing and posting clerk
Tomas,Franklin,Maddest information research scientist
Angela,Drake,Nearest extraction worker
Jalen,Bonilla,Narrowest milling machine setter
Romina,Kerr,Shortest power dispatcher
Louie,Mathews,Latest motorboat mechanic
Sloan,Villa,Loveliest boring machine tool tender
Clay,Felix,Largest biochemist
Paisleigh,Friedman,Rarest title abstractor
Darwin,Henderson,Politest terrazzo worker
Maria,Summers,Fattest sales manager
Darius,Ford,Sweatiest intercity bus driver
Alexandra,Walls,Humblest computer hardware engineer
Larry,Ruiz,Greasiest medical equipment repairer
Emery,Barnes,Riskiest kindergarten teacher
Damian,Pierce,Kindest slicing machine tender
Arabella,Travis,Greatest sociology teacher
Willie,Frye,Silliest loan officer
Raya,Bravo,Scariest petroleum gauger
Genesis,Xiong,Hairiest signal operator
Amayah,Randolph,Smoothest social worker
Eugene,Becker,Cheapest engineer
Laura,Pierce,Thirstiest shampooer
Nicolas,Duffy,Bossiest farmer
Addisyn,Villalobos,Furthest copy marker
Reuben,Hamilton,Crispiest bailiff
Mackenzie,Hansen,Worldliest poultry cutter
Charlie,Turner,Quietest web developer
Brooklyn,Humphrey,Smoothest compensation and benefits manager
Krew,Parks,Cleanest author
Ainsley,McCall,Lightest medical laboratory technologist
Kiaan,King,Biggest tile setter
Victoria,Jefferson,Blandest probation officer
Raylan,McIntosh,Lowest wellhead pumper
Gwen,Hammond,Messiest insurance sales agent
Francis,Hudson,Brightest maid
Kamila,McIntosh,Moistest refuse collector
Kristian,Bullock,Fiercest tool grinder
Winnie,Macias,Poorest farm advisor
Moshe,Salas,Oddest sports performer
Amber,Lin,Fittest fiberglass fabricator
Conor,Esquivel,Simplest physical therapist assistant
Jaylee,Alexander,Finest pile-driver operator
Kingston,Hahn,Tallest physicistphysics teacher
Fallon,Tate,Funniest personal chef
Dalton,Velez,Highest respiratory therapy technician
Megan,Schmitt,Sweetest planning clerk
Murphy,Newman,Bluest shoe worker
Oaklynn,Burgess,Politest conservation worker
Kolton,Benitez,Fanciest pharmacy technician
Aliza,Vaughn,Worthiest engineering manager
Remy,Esquivel,Iciest human service assistant
Jaylee,Sherman,Thirstiest construction inspector
Adan,Hendrix,Classiest fabricator
Zhuri,French,Nastiest music teacher
Corey,Carlson,Grandest adult education teacher
Kali,Dodson,Loveliest agricultural sciences teacher
Seven,Reed,Tastiest clinical psychologist
Valentina,Berger,Gravest detective
Byron,Finley,Sorriest health information technician
Jovie,Mata,Ripest counseling psychologist
Ray,Romero,Easiest garment presser
Eliza,Oliver,Crunchiest motorboat operator
Karson,Burns,Poorest nursing teacher
Emerson,Stanton,Widest subway operator
Zyair,Francis,Cleanest fitness trainer
Daniella,Whitaker,Clumsiest tower equipment installer
Keith,Huber,Blandest radio operator
Raquel,Heath,Skinniest airline copilot
Lionel,Carter,Thinnest plumber
Lucy,Hogan,Sharpest human resources manager
Sonny,Banks,Saddest interior designer
Cali,Flynn,Oddest semiconductor processor
Kannon,Munoz,Tannest postal service mail processing machine operator
Kehlani,Blackburn,Sweatiest prosthetist
Zahir,Cross,Naughtiest judicial law clerk
Nayeli,Pham,Hairiest astronomer
Russell,Kent,Sorriest gas plant operator
Jazmine,Lloyd,Greatest street vendor
Zaire,Harris,Slimiest photographer
Penelope,Lang,Clearest farm labor contractor
Wells,Nixon,Cruellest special education teacher
Deborah,Shaffer,Wildest orthodontist
Dexter,Wilkerson,Finest title examiner
Janiyah,Mays,Riskiest occupational health and safety technician
Jadiel,Wagner,Noisiest recreational vehicle service technician
Maeve,Bowman,Deepest tool filer
Francisco,Barry,Oddest maintenance painter
Waverly,Bartlett,Lightest hand sewer
Kace,Patel,Quietest survey researcher
Madeline,Lim,Briefest actor
Cal,Avila,Dullest prosthodontist
Amiyah,Burch,Shortest railroad police
Gerald,Dominguez,Tiniest insurance underwriter
Raegan,Dalton,Greatest community association manager
Fletcher,Howard,Sincerest counselor
Sophie,Olson,Gloomiest petroleum refinery operator
Malachi,Park,Wettest material mover
Lia,Ortega,Sunniest typist
Kobe,Carr,Hardest sound engineering technician
Rowan,Alvarado,Proudest convention planner
Andres,Jensen,Purest shaper
Jane,Cobb,Crispiest ophthalmic laboratory technician
Raphael,Erickson,Toughest rancher
Sabrina,Blackburn,Healthiest physician assistant
Zahir,Parrish,Darkest religious worker
Tiana,Lim,Closest database administrator
Cal,Cameron,Smoothest caster
Julie,Kaur,Riskiest assembler
Augustine,Fields,Briefest recreation teacher
Annie,Novak,Fewest medical scientist
Bishop,Larson,Boldest metal pourer
Alayna,Trevino,Wisest aircraft cargo handling supervisor
Jaime,McCarty,Toughest textile worker
Halo,Brady,Rustiest home appliance repairer
Reed,Martinez,Cloudiest legal assistant
Harper,Barnes,Briefest musician
Damian,Higgins,Dampest light truck driver
Leighton,McMahon,Smelliest administrative services manager
Jakob,Gardner,Shyest coil finisher
Jordyn,Sampson,Blandest school bus driver
Cain,Stevens,Slowest religion teacher
Katherine,Mills,Greediest traffic clerk
Alex,Morgan,Meanest director
Delilah,Hale,Sweatiest food technologist
Ezequiel,Bentley,Greatest paralegal
Jaylin,Lu,Bluest pesticide sprayer
Duncan,Yoder,Smallest purchasing agent
Emerie,Hardy,Harshest secretary
Jayceon,Zuniga,Smartest forest worker
Leslie,Hughes,Itchiest checker
Everett,Frederick,Mildest home economics teacher
Sariyah,Lyons,Hottest receptionist
Cyrus,Gonzales,Sanest heating mechanic
Hadley,Gallegos,Flattest financial analyst
Jonas,Klein,Biggest ordnance handling expert
Elianna,Sandoval,Flakiest weigher
Brantley,Palacios,Slimiest parking enforcement worker
Bria,Avery,Worldliest computer systems administrator
Jakari,Wall,Worst bicycle repairer
Jayda,Gilbert,Clearest budget analyst
Tobias,Austin,Nastiest adjudicator
Alivia,Cain,Flattest dispatcher
Benson,Rodgers,Warmest procurement clerk
Selah,May,Rudest laundry worker
Finley,Gibbs,Furthest derrick operator
Carter,Andrews,Happiest cooling equipment operator
Lukas,Ashley,Messiest art teacher
Khalani,Porter,Curliest ATM machine repairer
Rhett,Perez,Thinnest rail car repairer
Eleanor,Hogan,Gravest rehabilitation counselor
Sonny,Gray,Faintest forging machine setter
Sarah,Huerta,Coarsest surveying technician
Douglas,Cannon,Slimmest psychologist
Noa,Jacobson,Sharpest crossing guard
Legacy,Brewer,Hippest roofer
Thea,Everett,Shiniest magistrate judge
Camilo,Perkins,Toughest nuclear medicine technologist
Sage,O’Neill,Slowest electrical electronics drafter
Marcel,Yu,Hottest custom sewer
Navy,Crosby,Fattest petroleum pump system operator
Tristen,Peterson,Bossiest carpenter
Caroline,Bruce,Simplest tester
Uriah,McKenzie,Hungriest elevator repairer
Briar,Garner,Creamiest law enforcement teacher
Sage,Durham,Craziest chemist
Tiffany,Barnett,Iciest mechanical engineer
Stephen,Franklin,Plainest actuary
Angela,Melton,Happiest waitress
Lennon,Evans,Cruellest philosophy teacher
Eliana,Weaver,Hungriest telemarketer
Tucker,McMahon,Hungriest tax preparer
Belen,Frazier,Hungriest registered nurse
Callum,Stanley,Warmest commercial diver
Gracelyn,Mullen,Boldest filling machine operator
Shepard,Estes,Latest marble setter
Brittany,Sanders,Cleverest chiropractor
Jose,Warner,Tannest marine engineer
Wynter,Chavez,Smokiest nuclear engineer
Ian,Holloway,Loveliest auditor
Mae,Chang,Clearest dressing room attendant
Ari,Clay,Newest industrial machinery mechanic
Aliana,Marin,Furthest molder
Aldo,Ayala,Densest chef
Blair,Fuller,Greatest parking lot attendant
Andre,Maxwell,Grandest maxillofacial surgeon
Kyla,Knapp,Blandest ceiling tile installer
Boden,Lee,Greatest sales engineer
Scarlett,Lim,Soonest electrical power-line installer
Cal,Schwartz,Angriest interpreter
Lilliana,Mann,Curviest family social worker
Nehemiah,Daniels,Fewest transit police
Ember,Holt,Sharpest bookkeeper
Niko,Santana,Youngest drier operator
Myra,Crosby,Juiciest marine oiler
Tristen,Lambert,Crunchiest sewing machine operator
Nina,Stephenson,Lowest carpet installer
Joe,Malone,Densest composer
Skyler,Gutierrez,Mildest information clerk
Luca,Guerra,Faintest agricultural inspector
Edith,Jaramillo,Nastiest recyclable material collector
Riggs,Booth,Worthiest gaming surveillance officer
Zariyah,Davidson,Healthiest literacy teacher
Dante,Coffey,Quietest credit checker
Paola,Bell,Fattest automotive mechanic
Emmett,Randolph,Curviest urban planner
Kailey,Bates,Grossest electric motor repairer
Ellis,Castillo,Softest floor sander
Eva,Velasquez,Ripest camera repairer
Sullivan,Jefferson,Skinniest septic tank servicer
Julieta,Newman,Tannest lathe setter
Anderson,Horn,Neediest order filler
Avah,Cherry,Flakiest agricultural sorter
Rome,Jarvis,Rudest bill and account collector
Elisabeth,Boone,Worldliest ship loader
Mauricio,Proctor,Sweetest roustabout
Chandler,Hodges,Naughtiest fire alarm system installer
Alonzo,O’Donnell,Grossest public relations specialist
Bellamy,Black,Calmest receiving clerk
Matteo,Reeves,Neediest travel clerk
Lana,Portillo,Thinnest government program eligibility interviewer
Wallace,Goodwin,Loneliest dentist
Shiloh,Stevenson,Oiliest fitness studies teacher
Callan,Huber,Gravest technical writer
Raquel,Meyers,Maddest cafeteria attendant
Julien,Hardin,Strangest metal worker
Vada,Rivas,Slimiest textile knitting machine setter
Damon,Harmon,Littlest hostler
Maren,Mitchell,Widest structural metal fitter
Jaxon,Saunders,Driest commodities sales agent
Meadow,Zamora,Cleverest safe repairer
Quentin,Weeks,Ripest licensed vocational nurse
Karen,Zimmerman,Flattest shipping clerk
Sergio,Chen,Gentlest tractor-trailer truck driver
Valeria,McCoy,Kindest metal-refining furnace tender
Jett,Good,Handiest computer systems analyst
Nathalia,Henson,Smelliest transportation security screener
Bellamy,Pittman,Fastest baggage porter
Marie,Adams,Laziest information security analyst
Hudson,Wiley,Smokiest cafeteria cook
Lauryn,Mendez,Gloomiest medical assistant
Arthur,Schneider,Smokiest social work teacher
Delaney,Trejo,Rarest chemical plant operator
Wesson,Jennings,Greasiest teacher assistant
Palmer,Hayes,Sorriest ambulance dispatcher
Legend,Ingram,Narrowest file clerk
Katie,Haynes,Gravest ambulance driver
Kason,Kelly,Poorest literature teacher
Ruby,Martin,Chewiest inspector
Mateo,Galindo,Littlest telephone operator
Corinne,Flores,Sleepiest brickmason
Lincoln,Padilla,Maddest sheet metal worker
Maggie,McClain,Crispiest audio-visual and multimedia collections specialist
Mitchell,Benitez,Blackest chemical engineer
Aliza,Mendoza,Funniest pesticide applicator
Dominic,Chase,Spiciest data entry keyer
Angie,Santiago,Purest prepress technician
Beckham,Hester,Hippest cement masonchanneling machine operator
Zendaya,Parra,Narrowest social service manager
Davion,O’Neal,Poorest health services manager
Treasure,Gibson,Coldest materials engineer
Tyler,Allison,Greediest track switch repairer
Chelsea,Mahoney,Neatest surveyor
Kamryn,Harris,Weakest social sciences teacher
Penelope,Brewer,Neatest animator
Cruz,Johnson,Loudest furnace operator
Emma,Dejesus,Rawest speech-language pathologist
Rio,Zuniga,Handiest highway maintenance worker
Leslie,Parks,Smallest administrative assistant
Gianni,Cervantes,Worldliest teacher
Aylin,Figueroa,Purest computer science teacher
Spencer,Acosta,Skinniest geographer
Kaia,Becker,Sweatiest library technician
Lawson,Pollard,Fairest automotive glass installer
Marisol,Todd,Laziest policy processing clerk
Baylor,Ellis,Sunniest die maker
Ayla,Ho,Finest pump operator
Morgan,Shaw,Calmest coil winder
Emersyn,Cochran,Worldliest mortician
Danny,Gallegos,Earliest welder
Ari,Lam,Fiercest occupational therapy aide
Bodie,Bravo,Humblest millwright
Amoura,Marshall,Steepest cellular equipment installer
Kaiden,Wheeler,Greatest writer
Sydney,Fitzgerald,Sanest dental hygienist
Peyton,Jacobson,Chewiest life scientist
Royal,Todd,Bitterest marketing specialist
Baylor,Frank,Largest pediatrician
Dior,Chambers,Brightest blockmason
Orion,Barajas,Fewest new accounts clerk
Keilani,Robertson,Closest cleaner
Emiliano,Huang,Busiest foreign literature teacher
Francesca,Shelton,Grandest instructor
Leonel,Franco,Strangest training and development manager
Charleigh,Hayden,Shallowest gas pumping station operator
Leroy,Pitts,Coolest mechanical drafter
Nala,Sherman,Prettiest medical equipment preparer
Adan,Shannon,Happiest title searcher
Harlee,Blair,Neediest operating engineer
Troy,Cortes,Truest meat trimmer
Lea,Lee,Smokiest medical records technician
Jack,Davenport,Fattest secondary education teacher
Adrianna,Wilcox,Bravest medical transcriptionist
Jerry,Leach,Harshest library science teacher
Martha,Moyer,Dumbest etcher
Ahmir,Gutierrez,Safest electrical engineer
Savannah,Finley,Creamiest plant operator
Calum,Casey,Maddest wood patternmaker
Sylvia,Hernandez,Strictest trimmer
Mason,Ross,Fittest conservation science teacher
Peyton,Anthony,Hottest information systems manager
Shiloh,Logan,Simplest tobacco roasting machine operator
Kora,Shelton,Gentlest family practitioner
Leonel,Hunt,Briefest cook
Genevieve,Stephens,Scariest fence erector
Messiah,Preston,Blandest elevator installer
Indie,Schultz,Gloomiest athlete
Cody,Everett,Richest lodging manager
Noah,Stokes,Messiest photographic processing machine operator
Santana,Miles,Richest delivery services driver
Alessandra,Palmer,Fairest film and video editor
Theo,Anthony,Worthiest geological engineer
Macy,Ortiz,Bossiest textile bleaching operator
Landon,Gilbert,Maddest nonfarm animal caretaker
Jocelyn,McBride,Juiciest editor
Denver,Hansen,Wisest craft artist
Hope,Bowers,Messiest ticket agent
Dorian,Acevedo,Sunniest concrete finisher
Ashlynn,Flynn,Nastiest human resources assistant
Kannon,Shah,Chubbiest air traffic controller
Angelica,Hahn,Humblest metal-refining furnace operator
Kabir,Benjamin,Silliest chauffeur
Jianna,Hardy,Harshest furnishings worker
Jayceon,Stafford,Sweatiest mining safety engineer
Bridget,Dudley,Iciest postsecondary teacher
Colter,Flores,Mildest painter
Emilia,Nguyen,Fattest dredge operator
Gabriel,Munoz,Briefest police officer
Kehlani,Rios,Happiest model maker
Israel,Coleman,Laziest cosmetologist
Julia,Schwartz,Gentlest drafter
Edwin,O’Neal,Bloodiest internist
Treasure,Warner,Worldliest flight attendant
Jaxton,Poole,Humblest mail superintendent
Bonnie,Leblanc,Creamiest computer programmer
Braden,Galvan,Smokiest answering service operator
Dallas,Person,Roomiest microbiologist
Moses,Clay,Fairest plastic worker
Aliana,Keller,Worldliest referee
Nico,Waters,Blandest hazardous materials removal worker
Bristol,Guzman,Hottest fabric patternmaker
Jude,McIntyre,Broadest artist
Rebekah,Bartlett,Shiniest archivist
Kace,Peters,Fanciest fine artist
Leila,Parker,Soonest emergency medical technician
Caleb,Bean,Earliest credit counselor
Jenesis,Golden,Youngest stock clerk
Amias,Harvey,Mildest coil taper
Nicole,Lyons,Dustiest desktop publisher
Cyrus,McDaniel,Sorriest property manager
Dahlia,Potter,Fewest gynecologist
Lucca,Mata,Smelliest garment mender
Lillie,Nielsen,Creepiest retail salesperson
Tru,Hail,Oiliest air conditioning mechanic
Lainey,Velasquez,Chubbiest woodworker
Sullivan,Leblanc,Simplest precision instrument repairer
Novalee,Kane,Shallowest sailor
Brock,Cummings,Loneliest clinical laboratory technician
Nylah,Riley,Neatest amusement machine servicer
Amari,Richards,Funniest software developer
Trinity,Mata,Slimiest rigger
Ray,Dorsey,Bitterest health educator
Addyson,Xiong,Wildest power distributor
Azrael,Page,Tallest home entertainment installer
Cataleya,Wiggins,Boldest respiratory therapist
Azariah,Hicks,Densest social service assistant
Alina,Alfaro,Steepest barback
Xzavier,Mercado,Simplest steamfitter
Mckinley,McCoy,Wildest self-enrichment education teacher
Jett,Wiggins,Deepest stucco mason
Capri,Cantu,Ugliest claims investigator
Anakin,Hampton,Dumbest claims examiner
Leona,Cervantes,Creamiest industrial engineer
Kamari,McKee,Tiniest television announcer
Kori,Aguilar,Lightest accountant
Milo,Cox,Riskiest mail clerk
Sadie,Shepherd,Thinnest structural metal fabricator
Ronald,Xiong,Toughest gaming manager
Amayah,Garner,Fattest paramedic
Sage,Vega,Roomiest real estate manager
Dakota,Case,Earliest chief executive
Bentlee,Pruitt,Boldest janitor
Brylee,Henry,Sourest political scientist
Carlos,Galvan,Grossest aerospace engineer
Dallas,Zhang,Bitterest explosives worker
Isaias,Palmer,Tannest animal breeder
Juniper,Luna,Flakiest mathematical science teacher
Erick,Webster,Sourest social science research assistant
Kensley,Calderon,Calmest correspondent
Oakley,Arroyo,Hottest paving equipment operator
Kyra,Wade,Smoothest statistician
Jake,Aguirre,Guiltiest correctional treatment specialist